token;ticker;top
XRP;XRP;1
Ethereum;ETH;2
Polkadot;DOT;3
Shiba Inu;SHIB;4
Bitcoin;BTC;5
Stellar;XLM;6
Chainlink;LINK;7
Avalanche;AVAX;8
Solana;SOL;9
Polygon;MATIC;10
Fetch.ai;FET;11
The Graph;GRT;12
Litecoin;LTC;13
Uniswap;UNI;14
Dogecoin;DOGE;15
NEAR Protocol;NEAR;16
Chiliz;CHZ;17
Cardano;ADA;18
Bitcoin Cash;BCH;19
ApeCoin;APE;20
Arbitrum;ARB;21
Render;RNDR;22
Aptos;APT;23
Sui;SUI;24
Axie Infinity;AXS;25
Injective;INJ;26
Blur;BLUR;27
The Sandbox;SAND;28
Fantom;FTM;29
Cosmos;ATOM;30
Filecoin;FIL;31
Immutable;IMX;32
Pepe;PEPE;33
Lido DAO;LDO;34
Ethereum Classic;ETC;35
Optimism;OP;36
Curve DAO Token;CRV;37
Aave;AAVE;38
EOS;EOS;39
Bonk;BONK;40
Sei;SEI;41
Gala;GALA;42
USDC;USDC;43
Starknet;STRK;44
Tether USDt;USDT;45
Maker;MKR;46
Mask Network;MASK;47
Hedera;HBAR;48
Decentraland;MANA;49
FLOKI;FLOKI;50
Celestia;TIA;51
Internet Computer;ICP;52
Ocean Protocol;OCEAN;53
Stacks;STX;54
Algorand;ALGO;55
SushiSwap;SUSHI;56
Synthetix;SNX;57
TRON;TRX;58
Waves;WAVES;59
Ethereum Name Service;ENS;60
JasmyCoin;JASMY;61
Theta Network;THETA;62
Pyth Network;PYTH;63
Compound;COMP;64
dogwifhat;WIF;65
Flow;FLOW;66
Ethena;ENA;67
SingularityNET;AGIX;68
Galxe;GAL;69
Wormhole;W;70
Yield Guild Games;YGG;71
BNB;BNB;72
Jito;JTO;73
Jupiter;JUP;74
1inch Network;1INCH;75
Livepeer;LPT;76
0x Protocol;ZRX;77
Arweave;AR;78
MultiversX;EGLD;79
Neo;NEO;80
BOOK OF MEME;BOME;81
Arkham;ARKM;82
Tensor;TNSR;83
Worldcoin;WLD;84
Dai;DAI;85
ORDI;ORDI;86
Ankr;ANKR;87
Pendle;PENDLE;88
Tezos;XTZ;89
Alchemy Pay;ACH;90
Mina;MINA;91
dYdX (ethDYDX);DYDX;92
ether.fi;ETHFI;93
Manta Network;MANTA;94
ZetaChain;ZETA;95
Zilliqa;ZIL;96
Ontology;ONT;97
VeChain;VET;98
Ondo;ONDO;99
Amp;AMP;100
Memecoin;MEME;101
Aevo;AEVO;102
GMT;GMT;103
Astar;ASTR;104
Loopring;LRC;105
Storj;STORJ;106
THORChain;RUNE;107
Flare;FLR;108
SKALE;SKL;109
Safe;SAFE;110
Enjin Coin;ENJ;111
Celo;CELO;112
SPACE ID;ID;113
Pixels;PIXEL;114
Nervos Network;CKB;115
Conflux;CFX;116
cat in a dogs world;MEW;117
Quant;QNT;118
Ravencoin;RVN;119
Omni Network;OMNI;120
IoTeX;IOTX;121
Velo;VELO;122
Golem;GLM;123
Bittensor;TAO;124
UMA;UMA;125
Treasure;MAGIC;126
FTX Token;FTT;127
Terra Classic;LUNC;128
Frontier;FRONT;129
Oasis;ROSE;130
yearn.finance;YFI;131
Basic Attention Token;BAT;132
Core;CORE;133
PAX Gold;PAXG;134
Toncoin;TON;135
Wrapped Bitcoin;WBTC;136
API3;API3;137
Polymesh;POLYX;138
Wen;WEN;139
Cartesi;CTSI;140
Raydium;RAY;141
Helium;HNT;142
Renzo;REZ;143
Civic;CVC;144
COTI;COTI;145
Band Protocol;BAND;146
Altlayer;ALT;147
Threshold;T;148
Dymension;DYM;149
Meson Network;MSN;150
Axelar;AXL;151
CyberConnect;CYBER;152
TrueFi;TRU;153
Tellor;TRB;154
Terra;LUNA;155
MANTRA;OM;156
Kusama;KSM;157
Radworks;RAD;158
Cronos;CRO;159
Theta Fuel;TFUEL;160
GMX;GMX;161
Trust Wallet Token;TWT;162
DMAIL Network;DMAIL;163
Verasity;VRA;164
Chromia;CHR;165
Akash Network;AKT;166
Degen;DEGEN;167
Reserve Rights;RSR;168
Liquity;LQTY;169
Parcl;PRCL;170
Gas;GAS;171
Polyhedra Network;ZK;172
Casper;CSPR;173
Merlin Chain;MERL;174
Kaspa;KAS;175
Kava;KAVA;176
IOST;IOST;177
Highstreet;HIGH;178
Heroes of Mavia;MAVIA;179
Monero;XMR;180
PancakeSwap;CAKE;181
eCash;XEC;182
Myro;MYRO;183
Kyber Network Crystal v2;KNC;184
MANEKI;MANEKI;185
Metal DAO;MTL;186
Harmony;ONE;187
ssv.network;SSV;188
tomiNet;TOMI;189
Metis;METIS;190
Orion;ORN;191
Perpetual Protocol;PERP;192
Telos;TLOS;193
SuperVerse;SUPER;194
Solidus Ai Tech;AITECH;195
Audius;AUDIO;196
LeverFi;LEVER;197
Big Time;BIGTIME;198
Spell Token;SPELL;199
SLERF;SLERF;200
Smooth Love Potion;SLP;201
Siacoin;SC;202
OriginTrail;TRAC;203
Origin Protocol;OGN;204
Orchid;OXT;205
Harvest Finance;FARM;206
Qtum;QTUM;207
Foxy;FOXY;208
Hashflow;HFT;209
Flux;FLUX;210
Ren;REN;211
Illuvium;ILV;212
Nakamoto Games;NAKA;213
Multibit;MUBI;214
Moonriver;MOVR;215
Saga;SAGA;216
Enzyme;MLN;217
Bitcoin SV;BSV;218
SATS (Ordinals);SATS;219
Lisk;LSK;220
AIOZ Network;AIOZ;221
Verge;XVG;222
Coq Inu;COQ;223
Vulcan Forged (PYR);PYR;224
WOO;WOO;225
Celsius;CEL;226
XDC Network;XDC;227
Zcash;ZEC;228
ConstitutionDAO;PEOPLE;229
BinaryX;BNX;230
Contentos;COS;231
Boba Network;BOBA;232
Moonbeam;GLMR;233
Realio Network;RIO;234
Paris Saint-Germain Fan Token;PSG;235
Masa;MASA;236
ARPA;ARPA;237
Portal;PORTAL;238
Klaytn;KLAY;239
Radix;XRD;240
Reef;REEF;241
Bluzelle;BLZ;242
iExec RLC;RLC;243
Mantle;MNT;244
Altura;ALU;245
Voyager Token;VGX;246
rats (Ordinals);rats;247
Venom;VENOM;248
EthereumPoW;ETHW;249
BitTorrent (New);BTT;250
Baby Doge Coin;BABYDOGE;251
JUST;JST;252
Grok;GROK;253
Bounce Token;AUCTION;254
COMBO;COMBO;255
aelf;ELF;256
Neon EVM;NEON;257
Kadena;KDA;258
IOTA;IOTA;259
ICON;ICX;260
HyperGPT;HGPT;261
Numeraire;NMR;262
Holo;HOT;263
Ontology Gas;ONG;264
Helium Mobile;MOBILE;265
Matr1x Fire;FIRE;266
Xai;XAI;267
Aragon;ANT;268
Zeus Network;ZEUS;269
TokenFi;TOKEN;270
Sleepless AI;AI;271
Vanar Chain;VANRY;272
TerraClassicUSD;USTC;273
Aerodrome Finance;AERO;274
DigiByte;DGB;275
Biconomy;BICO;276
Dusk;DUSK;277
Steem;STEEM;278
Onyxcoin;XCN;279
Hifi Finance;HIFI;280
Orbs;ORBS;281
Aavegotchi;GHST;282
SuperRare;RARE;283
Sun (New);SUN;284
ArbDoge AI;AIDOGE;285
Horizen;ZEN;286
Oraichain;ORAI;287
Ordiswap;ORDS;288
Aleph Zero;AZERO;289
Akropolis;AKRO;290
Gomining;GOMINING;291
Celer Network;CELR;292
Stratis [New];STRAX;293
Gemini Dollar;GUSD;294
PayPal USD;PYUSD;295
Apu Apustaja;APU;296
Phala Network;PHA;297
Centrifuge;CFG;298
OMG Network;OMG;299
Unifi Protocol DAO;UNFI;300
Stella;ALPHA;301
Acala Token;ACA;302
Loom Network;LOOM;303
LimeWire;LMWR;304
Automata Network;ATA;305
Lido Staked ETH;stETH;306
BlackCardCoin;BCCOIN;307
LayerAI;LAI;308
TrueUSD;TUSD;309
Adventure Gold;AGLD;310
The Root Network;ROOT;311
Creditcoin;CTC;312
Maverick Protocol;MAV;313
Bone ShibaSwap;BONE;314
Bonfida;FIDA;315
Kamino Finance;KMNO;316
Boson Protocol;BOSON;317
KARRAT;KARRAT;318
MicroVisionChain;SPACE;319
Milady Meme Coin;LADYS;320
Moonchain;MXC;321
Terra;LUNA2;322
Brett;BRETT;323
CLV;CLV;324
NAVI Protocol;NAVX;325
Playbux;PBUX;326
Orange;ORNJ;327
Gari Network;GARI;328
Fusionist;ACE;329
REI Network;REI;330
Radiant Capital;RDNT;331
Chia;XCH;332
Rally;RLY;333
Samoyedcoin;SAMO;334
VeThor Token;VTHO;335
Fluence;FLT;336
Venus;XVS;337
BakeryToken;BAKE;338
Stargate Finance;STG;339
First Digital USD;FDUSD;340
SATS;1000SATS;341
Echelon Prime;PRIME;342
Rocket Pool;RPL;343
Farcana;FAR;344
Fasttoken;FTN;345
Songbird;SGB;346
RARI;RARI;347
Vita Inu;VINU;348
Pundi X (New);PUNDIX;349
ATOR Protocol;ATOR;350
QORPO WORLD;QORPO;351
Beam;BEAMX;352
GUMMY;GUMMY;353
Beam;BEAM;354
Popcat (SOL);POPCAT;355
Shido [New];SHIDO;356
Ronin;RONIN;357
MyNeighborAlice;ALICE;358
AC Milan Fan Token;ACM;359
VinuChain;VC;360
Artrade;ATR;361
Serenity Shield;SERSH;362
Shentu;CTK;363
Ribbon Finance;RBN;364
Litentry;LIT;365
Turbo;TURBO;366
Ronin;RON;367
Viction;VIC;368
Mines of Dalarnia;DAR;369
district0x;DNT;370
Terra Classic;LUNA;371
Tether EURt;EURt;372
Trias Token (New);TRIAS;373
Sologenic;SOLO;374
Atletico De Madrid Fan Token;ATM;375
Maple;MPL;376
Manchester City Fan Token;CITY;377
Seedify.fund;SFUND;378
5ire;5IRE;379
Aurora;AURORA;380
MEMETOON;MEMETOON;381
Marinade Staked SOL;MSOL;382
Marlin;POND;383
MAP Protocol;MAPO;384
Solar;SXP;385
NADA Protocol Token;NADA;386
Aergo;AERGO;387
iMe Lab;LIME;388
Measurable Data Token;MDT;389
SafePal;SFP;390
Access Protocol;ACS;391
xPET tech;XPET;392
Santos FC Fan Token;SANTOS;393
Polytrade;TRADE;394
VoluMint;VMINT;395
WAX;WAXP;396
Suku;SUKU;397
WEMIX;WEMIX;398
Shrapnel;SHRAP;399
Orca;ORCA;400
XYO;XYO;401
APENFT;NFT;402
Ampleforth Governance Token;FORTH;403
Osmosis;OSMO;404
PAAL AI;PAAL;405
StormX;STMX;406
PLANET;PLANET;407
XDB CHAIN;XDB;408
XCAD Network;XCAD;409
Aleph.im;ALEPH;410
Partisia Blockchain;MPC;411
AS Roma Fan Token;ASR;412
Powerledger;POWR;413
Step App;FITFI;414
Toncoin;TONCOIN;415
Ponke;PONKE;416
Pocket Network;POKT;417
ZKFair;ZKF;418
Open Campus;EDU;419
Artificial Liquid Intelligence;ALI;420
Zebec Network;ZBCN;421
NFPrompt;NFP;422
NKN;NKN;423
Request;REQ;424
Art de Finance;ADF;425
XANA;XETA;426
Bitget Token;BGB;427
TABOO TOKEN;TABOO;428
Nexera;NXRA;429
Zignaly;ZIG;430
Nexo;NEXO;431
Synapse;SYN;432
SwftCoin;SWFTC;433
Ark;ARK;434
Alien Worlds;TLM;435
Sweat Economy;SWEAT;436
Ardor;ARDR;437
Arcblock;ABT;438
Statter Network;STT;439
Vanar Chain;TVK;440
Zeebu;ZBU;441
WAGMI Games;WAGMIGAMES;442
Telcoin;TEL;443
Neutron;NTRN;444
Bancor;BNT;445
Convex Finance;CVX;446
Keep3rV1;KP3R;447
Eesee;ESE;448
Ice Open Network;ICE;449
CatCoin;CATCOIN;450
EURC;EUROC;451
Dash;DASH;452
Balancer;BAL;453
BitTorrent (New);BTTC;454
Juventus Fan Token;JUV;455
Axelar;WAXL;456
GamerCoin;GHX;457
ChainGPT;CGPT;458
BENQI;QI;459
Frax Share;FXS;460
Energy Web Token;EWT;461
Constellation;DAG;462
Badger DAO;BADGER;463
DeRace;DERC;464
Dogelon Mars;ELON;465
Crypto Hunters Coin;CRH;466
Biswap;BSW;467
GTA Token;GTA;468
Dent;DENT;469
Delysium;AGI;470
Decentralized Social;DESO;471
Choise.com;CHO;472
GOMDori;GOMD;473
Clearpool;CPOOL;474
CUDOS;CUDOS;475
Clore.ai;CLORE;476
LCX;LCX;477
FOMO BULL CLUB;FOMO;478
GensoKishi Metaverse;MV;479
Geojam Token;JAM;480
Bella Protocol;BEL;481
Green Satoshi Token (SOL);GST;482
LandX Finance;LNDX;483
Goldfinch;GFI;484
Gods Unchained;GODS;485
FC Barcelona Fan Token;BAR;486
BlackFort Exchange Network;BXN;487
Cryptex Finance;CTX;488
LightLink;LL;489
Crypto Asset Governance Alliance;CAGA;490
Beacon ETH;BETH;491
Gitcoin;GTC;492
Gnosis;GNO;493
Creo Engine;CREO;494
Bitcoin Cats;1CAT;495
LTO Network;LTO;496
Covalent;CQT;497
Dash;DSH;498
DOGEMOB;DOGEMOB;499
Bifrost;BFC;500
Syscoin;SYS;501
DOG•GO•TO•THE•MOON;DOG;502
Decentraland;MNA;503
Aegis Ai;AEGIS;504
Synternet;NOIA;505
Tether EURt;EUT;506
TerraClassicUSD;UST;507
Synesis One;SNS;508
Tokamak Network;TON;509
Symbiosis;SIS;510
DIMO;DIMO;511
Tether Gold;XAUt;512
SwissBorg;BORG;513
Tether MXNt;MXNt;514
DIA;DIA;515
AhaToken;AHT;516
AdEx;ADX;517
DODO;DODO;518
Ailey;ALE;519
DAD;DAD;520
DeFiChain;DFI;521
Bifrost;BNC;522
DeFinder Capital;DFC;523
Tectum;TET;524
Tectonic;TONIC;525
DFI.Money;YFII;526
DOSE;DOSE;527
Tap;XTP;528
Crypto.com Staked ETH;CDCETH;529
AirSwap;AST;530
ThunderCore;TT;531
TRAVA.FINANCE;TRAVA;532
Liquid CRO;LCRO;533
Dogecoin;XDG;534
Dechat;DECHAT;535
Shimmer;SMR;536
Elumia Crowns;ELU;537
Solchat;CHAT;538
Eminer;EM;539
All Street Bets;BETS;540
Smart Layer Network;SLN;541
Ben the Dog;BENDOG;542
Sinverse;SIN;543
Alpaca Finance;ALPACA;544
Silly Dragon;SILLY;545
Entangle;KNGL;546
Entangle;MNGL;547
Entangle;NGL;548
Somnium Space Cubes;CUBE;549
Alpha Quark Token;AQT;550
ShareToken;SHR;551
Shapeshift FOX Token;FOX;552
Shadow Token;SHDW;553
Shadow Node;SVPN;554
Serum;SRM;555
Ethena USDe;USDE;556
Sentinel Protocol;UPP;557
Alpine F1 Team Fan Token;ALPINE;558
Secret;SCRT;559
Seascape Crowns;CWS;560
Eggdog;EGG;561
Sonorus;SNS;562
Decred;DCR;563
Steem Dollars;SBD;564
Alchemix;ALCX;565
Degen;$DEGEN;566
Dfyn Network;DFYN;567
Dione Protocol;DIONE;568
SubQuery Network;SQT;569
Strike;STRIKE;570
Doge Eat Doge;OMNOM;571
StoryFire;BLAZE;572
Dora Factory;DORA;573
Alephium;ALPH;574
Dragonball Z Tribute;DBZ;575
Dynex;DNX;576
Sora;SORA;577
Status;SNT;578
Dypius [Old];DYP;579
Starlink;STARL;580
Algorand;ALG;581
EGO;EGO;582
Star Atlas DAO;POLIS;583
Star Atlas;ATLAS;584
Berry;BERRY;585
Sperax;SPA;586
Spectra Chain;SPCT;587
SpartaDex;SPARTA;588
Token IN;TIN;589
Cream Finance;CREAM;590
Tokenize Xchange;TKX;591
AIgentX;AIGENTX;592
Zetrix;ZETRIX;593
ALEX Lab;ALEX;594
Zentry;ZENT;595
Bitcoin;XBT;596
Carrieverse;CVTX;597
Carry;CRE;598
ZAIBOT;ZAI;599
APENFT;APENFT;600
CatGPT;CATGPT;601
Catboy;CATBOY;602
Catman;CATMAN;603
XPR Network;XPR;604
XEN Crypto;XEN;605
Celo;CGLD;606
Celo Dollar;CUSD;607
Cetus Protocol;CETUS;608
Wrapped Minima;WMINIMA;609
Wrapped Bitcoin;WBT;610
Wrapped Beacon ETH;WBETH;611
Wrapped Ampleforth;WAMPL;612
Wormhole;WXX;613
Chainflip;FLIP;614
Chainge;XCHNG;615
World Mobile Token;WMT;616
Work X;WORK;617
Carbon browser;CSIX;618
Zuzalu Inu;ZUZALU;619
Wilder World;WILD;620
CONUN;CYCON;621
Bitpanda Ecosystem Token;BEST;622
Bitcoin Gold;BTG;623
tBTC;TBTC;624
BizAuto;BIZA;625
smolecoin;SMOLE;626
rhino.fi;DVF;627
r/FortNiteBR Bricks;BRICK;628
r/CryptoCurrency Moons;MOON;629
neversol;NEVER;630
Blendr Network;BLENDR;631
Blink Galaxy;GQ;632
hiFLUF;HIFLUF;633
BlockGames;BLOCK;634
Bitcoin Cash;BCHN;635
Bowled.io;BWLD;636
Braintrust;BTRST;637
dYdX (Native);DYDX;638
dKargo;DKA;639
dAppstore;DAPPX;640
crow with knife;CAW;641
AIPAD;AIPAD;642
cLFi;CLFI;643
bitsCrunch;BCUT;644
beoble;BBL;645
analoS;ANALOS;646
Wing Finance;WING;647
WhiteBIT Coin;WHBT;648
Toko Token;TKO;649
Coreum;COREUM;650
Validity;VAL;651
VVS Finance;VVS;652
VNX Swiss Franc;VCHF;653
VNX Euro;VEUR;654
VITE;VITE;655
VAIOT;VAI;656
UpOnly;UPO;657
Cosmos;ATO;658
Cosplay Token;COT;659
UniBot;UNIBOT;660
Ultra;UOS;661
Ultima;ULTIMA;662
Abyss World;AWT;663
USDC;UDC;664
UNUS SED LEO;LEO;665
UNICE;UNICE;666
Coupon Assets;CA;667
UBXS Token;UBXS;668
Tune.FM;JAM;669
Seamans Token;SEAT;670
TrueUSD;TSD;671
Cronos ID;CROID;672
Troll;TROLL;673
Crypterium;CRPT;674
Crypto Gladiator Shards;CGL;675
CorgiAI;CORGIAI;676
VaporFund;VPR;677
Whales Market;WHALES;678
Vara Network;VARA;679
BitKan;KAN;680
Welshcorgicoin;WELSH;681
Wecan Group;WECAN;682
WeWay;WWY;683
Charged Particles;IONX;684
Cheelee;CHEEL;685
WINkLink;WIN;686
Chickencoin;CHKN;687
BitDAO;BIT;688
Chintai;CHEX;689
Circuits of Value;COVAL;690
Voxies;VOXEL;691
Cobak Token;CBK;692
Victoria VR;VR;693
Coin98;C98;694
Vertex Protocol;VRTX;695
Coinbase Wrapped Staked ETH;cbETH;696
Bit2Me;B2M;697
Concordium;CCD;698
Veno Finance;VNO;699
Velodrome Finance;VELODROME;700
Velodrome Finance;VELO;701
Veloce;VEXT;702
Vega Protocol;VEGA;703
AVA;AVA;704
Seamless;SEAM;705
STP;STPT;706
Scotty Beam;SCOTTY;707
NULS;NULS;708
Nibiru Chain;NIBI;709
INTOverse;TOX;710
IOTA;IOT;711
IPVERSE;IPV;712
Arsenal Fan Token;AFC;713
IQ;IQ;714
Napoli Fan Token;NAP;715
NanoByte Token;NBT;716
Nano;XNO;717
Nano;NANO;718
BRN Metaverse;BRN;719
NYM;NYM;720
NORMIE;NORMIE;721
Nirvana;VANA;722
Index Cooperative;INDEX;723
BRC20.com;COM;724
NEM;XEM;725
Inter Milan Fan Token;INTER;726
BORA;BORA;727
Inverse Finance;INV;728
Mythos;MYTH;729
BOBO;BOBO;730
Myria;MYRIA;731
Islamic Coin;ISLM;732
Ispolink;ISP;733
JOE;JOE;734
Nine Chronicles;WNCG;735
Niza Global;NIZA;736
Scallop;SCA;737
Oasys;OAS;738
Baby Bonk;BABYBONK;739
OpSec;OPSEC;740
Hippocrat;HPO;741
Hive;HIVE;742
Hive Dollar;HBD;743
Onomy Protocol;NOM;744
Hivemapper;HONEY;745
Omni Network;OMNI1;746
Holdstation;HOLD;747
Omni;OMN;748
Areon Network;AREA;749
Observer;OBSR;750
Arix;ARIX;751
Node AI;GPU;752
Human;HMT;753
OORT;OORT;754
ONBUFF;ONIT;755
Hunt Town;HUNT;756
OKT Chain;OKT;757
OKB;OKB;758
OG Fan Token;OG;759
OAX;OAX;760
NvirWorld;NVIR;761
HydraDX;HDX;762
Numbers Protocol;NUM;763
Nodle;NODL;764
MovieBloc;MBL;765
Moss Coin;MOC;766
JUNO;JUNO;767
LUCA;LUCA;768
Mantle Staked Ether;METH;769
LIF3;LIF3;770
Augur;REPV2;771
1ex Trading Board;1EX;772
Mango;MNGO;773
LIF3;LIFIII;774
Magic Internet Money;MIM;775
MX TOKEN;MX;776
MVL;MVL;777
MOVEZ;MOVEZ;778
MOBOX;MBOX;779
META PLUS TOKEN;MTS;780
MCOIN;MCOIN;781
BIDR;BIDR;782
MCNCOIN;MCN;783
MATH;MATH;784
League of Kingdoms Arena;LOKA;785
Levana Protocol;LVN;786
MAGA;TRUMP;787
Lympo;LYM;788
Lovely Inu Finance;LOVELY;789
Linear Finance;LINA;790
LooksRare;LOOKS;791
Autonolas;OLAS;792
Lingose;LING;793
Aventus;AVT;794
Marinade;MNDE;795
KuCoin Token;KCS;796
Kleros;PNK;797
Kishu Inu;KISHU;798
JetTon Games;JETTON;799
Moon App;APP;800
MonaCoin;MONA;801
Mirror Protocol;MIR;802
Mintlayer;ML;803
Juice Finance;JUICE;804
Minati Coin;MNTC;805
Assemble Protocol;ASM;806
Mice (Ordinals);MICE;807
MiL.k;MLK;808
K9 Finance;KNINE;809
KILT Protocol;KILT;810
Metadium;META;811
MetaDOS;SECOND;812
KStarNFT;KNFT;813
Karate Combat;KARATE;814
Merit Circle;MC;815
Memetic / PepeCoin;MEME;816
Karura;KAR;817
Media Network;MEDIA;818
MediBloc;MED;819
Keep Network;KEEP;820
Kin;KIN;821
Massive Protocol;MAV;822
Kintsugi;KINT;823
OpenLeverage;OLE;824
HTX;HTX;825
HOPR;HOPR;826
Forta;FORT;827
RichQUACK.com;QUACK;828
Fenerbahçe Token;FB;829
Ferro;FER;830
FirmaChain;FCT2;831
Firo;FIRO;832
Flamingo;FLM;833
Flappymoonbird;FMB;834
Recovery Right Token;RRT;835
Rebase GG;IRL;836
Ready to Fight;RTF;837
ForTube;FOR;838
Ampleforth;AMP;839
Rainmaker Games;RAIN;840
QnA3.AI;GPT;841
Forward Protocol;FORWARD;842
Fractal ID;FCL;843
RSS3;RSS3;844
RSIC•GENESIS•RUNE;RUNECOIN;845
ROGin AI;ROG;846
Fulcrom Finance;FUL;847
RACA;RACA;848
Quiztok;QTCON;849
QuarkChain;QKC;850
Quantfury Token;QTF;851
Function X;FX;852
GG MetaGame;GGMT;853
BarnBridge;BOND;854
Fame MMA;FAME;855
Fabwelt;WELT;856
Roost Coin;ROOST;857
SaucerSwap;SAUCE;858
SatoshiVM;SAVM;859
Saros;SAROS;860
Ethernity;ERN;861
Everest;IDX;862
Sakai Vault;SAKAI;863
FC Porto Fan Token;PORTO;864
Altair;AIR;865
Saber;SBR;866
LinkEye;LET;867
Altlayer;$ALT;868
SOMESING;SSG;869
SOLVE;SOLVE;870
SMILEY;SMILEY;871
Basilisk;BSX;872
SIDUS;SIDUS;873
SENATE;SENATE;874
FUD;FUD;875
FUNToken;FUN;876
SATOSHI•NAKAMOTO;SATOSHI;877
S.S. Lazio Fan Token;LAZIO;878
Rug World Assets;RWA;879
Rubic;RBC;880
Router Protocol;ROUTE;881
Root Protocol;ISME;882
Qtum;QTM;883
Bad Idea AI;BAD;884
HI;HIX;885
Pangolin;PNG;886
PepePAD;PEPE;887
PepeCoin;PEPECOIN;888
Pepe 2.0;PEPE2;889
Apeiron;APRS;890
Peng;PENG;891
Gearbox Protocol;GEAR;892
Gekko HQ;GEKKO;893
Pax Dollar;USDP;894
Pax Dollar;PAX;895
Pastel;PSL;896
Parex;PRX;897
Giant Mammoth;GMMT;898
PaLM AI;PALMAI;899
Amulet;AMU;900
PaLM AI;PALM;901
PUPS (Ordinals);PUPS;902
PIBBLE;PIB;903
GoChain;GO;904
PARSIQ;PRQ;905
GoCrypto Token;GOC;906
Gomining;GMT;907
Graphlinq Chain;GLQ;908
Greever;GVL;909
Orchai;OCH;910
Groestlcoin;GRS;911
Guild of Guardians;GOG;912
GateToken;GTX;913
GateToken;GT;914
Phoenix;PHB;915
Pigcoin;PIGCOIN;916
Push Protocol;PUSH;917
Pundu;PUNDU;918
Pundi X PURSE;PURSE;919
Propy;PRO;920
Propchain;PROPC;921
Propbase;PROPS;922
Prom;PROM;923
Prisma Finance;PRISMA;924
GT Protocol;GTAI;925
Baby Grok;BABYGROK;926
Gala;GALAX;927
Pomerium;PMG;928
Gala Music;MUSIC;929
Baby Doge Coin;BabyDoge;930
Gamer Arena;GAU;931
Analysoor;ZERO;932
PolySwarm;NCT;933
Polkastarter;POLS;934
Animal Concerts;ANML;935
Pluton;PLU;936
Games for a Living;GFAL;937
PlayZap;PZP;938
PlayDapp;PDA;939
Planet Mojo;MOJO;940
ApeX Protocol;APEX;941
MangoMan Intelligent;MMIT;942
